,young,adult,elder,pizza,fit,japanese,italian,fast food,hamburger,rock,pop,country,no music,live
0,0,1,0,0,0,1,0,1,1,0,1,0,0,0
1,0,0,1,0,1,0,0,0,1,0,1,0,0,1
2,1,0,0,1,0,1,1,0,1,1,1,1,0,0
3,0,0,1,1,0,0,1,0,1,1,0,1,0,0
4,1,0,0,1,1,1,1,0,1,0,0,1,1,0
5,1,0,0,0,1,1,0,0,1,0,1,1,1,0
6,0,0,1,0,1,0,1,1,0,0,1,1,0,0
7,1,0,0,0,0,0,0,0,0,1,1,1,0,0
8,0,0,1,0,0,0,0,0,1,1,1,0,1,0
9,0,0,1,0,1,0,1,0,0,0,1,1,1,0
10,0,1,0,1,1,1,1,1,1,0,0,1,1,0
11,1,0,0,1,1,1,0,1,0,0,0,0,0,0
12,0,1,0,1,1,0,1,0,0,0,0,1,0,1
13,1,0,0,1,0,1,0,0,1,0,1,0,0,0
14,1,0,0,0,1,1,1,1,1,1,1,1,1,1
15,0,1,0,0,1,0,0,1,1,1,1,1,1,1
16,1,0,0,0,0,0,0,0,0,1,0,1,0,0
17,0,0,1,1,0,0,1,1,0,0,0,0,1,1
18,0,1,0,0,1,1,0,0,1,0,1,1,0,1
19,0,0,1,0,0,1,1,1,0,0,1,1,0,1
20,0,1,0,1,1,1,1,1,1,1,1,1,0,1
21,1,0,0,1,0,0,1,0,0,0,1,1,0,1
22,0,1,0,0,0,1,0,0,1,0,0,1,0,1
23,0,1,0,0,0,0,1,1,0,0,1,1,0,0
24,0,1,0,1,0,0,1,1,0,0,0,1,0,0
25,0,0,1,0,0,1,0,0,0,0,0,0,0,1
26,0,1,0,1,1,0,0,0,1,1,0,1,1,0
27,0,0,1,0,0,1,1,1,1,1,1,1,0,1
28,0,0,1,0,1,1,0,1,1,1,1,1,1,1
29,0,0,1,1,0,1,0,1,1,0,0,0,1,0
30,0,0,1,1,1,1,1,0,0,1,1,1,1,0
31,0,0,1,1,0,0,1,1,1,1,1,1,0,1
32,0,1,0,1,1,0,1,0,0,0,1,0,0,0
33,1,0,0,1,1,0,1,0,0,0,0,1,0,1
34,1,0,0,0,1,1,1,1,1,1,1,0,0,1
35,0,0,1,0,1,1,1,1,0,0,1,0,1,0
36,0,0,1,0,0,0,0,0,0,1,0,1,1,1
37,1,0,0,0,1,0,0,1,0,1,0,0,0,1
38,0,1,0,1,0,0,1,1,0,0,1,1,1,1
39,1,0,0,1,1,0,1,1,0,0,0,1,0,1
40,1,0,0,1,1,1,0,0,0,0,1,1,1,0
41,0,1,0,0,1,0,0,1,0,1,0,1,1,0
42,1,0,0,0,1,0,0,1,1,1,0,0,1,0
43,0,1,0,1,0,0,0,1,1,0,1,1,1,1
44,1,0,0,1,0,1,1,1,1,0,0,0,0,0
45,1,0,0,1,0,0,0,1,1,1,0,0,1,0
46,0,1,0,0,0,0,0,0,1,0,0,1,0,1
47,1,0,0,1,0,1,1,1,1,1,1,0,1,1
48,0,0,1,1,1,1,0,0,1,1,1,1,1,1
49,0,1,0,0,0,0,1,0,1,1,0,1,1,1
50,1,0,0,1,0,0,0,1,0,1,0,0,0,1
51,1,0,0,1,0,0,1,0,1,1,0,1,1,0
52,0,0,1,1,1,1,0,0,0,1,1,0,1,1
53,1,0,0,1,0,1,0,1,1,1,1,1,0,1
54,0,0,1,0,1,1,1,0,1,0,1,1,1,0
55,1,0,0,1,0,0,1,0,0,0,0,1,1,1
56,0,0,1,1,0,1,0,0,1,1,1,0,0,0
57,1,0,0,0,1,0,0,0,1,0,1,0,1,0
58,1,0,0,0,1,1,0,0,1,1,1,1,0,0
59,1,0,0,0,1,1,0,0,0,0,1,0,0,0
60,0,1,0,0,1,0,0,1,0,0,1,1,0,0
61,0,1,0,0,0,1,1,1,1,0,1,0,1,1
62,0,1,0,1,1,0,1,1,1,0,1,0,0,0
63,1,0,0,1,1,0,1,0,1,0,0,0,0,1
64,0,1,0,0,1,1,0,1,0,0,1,1,1,1
65,0,1,0,0,0,0,0,1,1,0,1,0,1,1
66,0,0,1,1,0,0,1,0,1,0,1,0,0,1
67,0,0,1,0,0,1,0,1,0,1,0,0,0,0
68,0,1,0,0,1,1,0,0,0,0,0,0,1,0
69,0,1,0,1,0,0,0,0,1,1,1,0,1,1
70,1,0,0,1,0,1,0,0,0,0,1,1,1,0
71,0,0,1,1,1,1,0,1,0,1,1,1,0,0
72,1,0,0,0,1,0,1,1,1,1,1,1,0,1
73,0,1,0,1,0,1,0,1,0,0,1,1,0,0
74,0,1,0,1,1,1,1,1,1,1,0,1,1,1
75,0,1,0,0,1,1,1,1,0,1,0,0,0,1
76,1,0,0,1,1,1,0,0,0,1,1,1,0,0
77,1,0,0,1,0,1,0,0,0,0,1,1,0,0
78,0,1,0,0,1,0,0,1,1,1,1,0,1,0
79,0,1,0,1,1,0,1,0,0,0,1,1,0,0
80,1,0,0,1,1,0,1,1,0,0,0,1,1,0
81,0,0,1,0,1,1,1,1,0,1,0,0,0,1
82,1,0,0,1,1,0,1,0,0,0,0,0,0,1
83,0,1,0,1,1,0,0,1,0,0,0,0,1,0
84,0,0,1,1,1,0,1,0,0,1,0,1,1,1
85,0,1,0,0,1,0,0,0,0,1,1,1,0,0
86,0,1,0,0,0,0,0,1,0,0,0,0,1,1
87,1,0,0,0,0,0,1,1,0,0,0,0,1,1
88,0,1,0,0,0,0,0,1,1,1,0,0,0,0
89,0,0,1,0,0,0,0,1,0,1,1,0,0,0
90,1,0,0,1,0,1,0,1,0,1,0,1,1,0
91,0,0,1,1,1,0,1,0,1,0,0,0,0,1
92,1,0,0,1,0,0,1,1,0,0,0,0,0,1
93,0,0,1,0,0,1,1,0,0,0,0,1,1,0
94,0,0,1,1,1,1,1,0,1,0,1,0,1,0
95,0,0,1,0,1,1,1,1,1,0,0,1,0,1
96,1,0,0,0,0,0,1,0,0,1,0,0,1,1
97,0,1,0,0,0,0,1,0,1,1,0,0,1,1
98,0,0,1,0,0,1,1,1,0,1,0,0,1,1
99,0,0,1,0,1,1,1,0,0,1,1,0,1,1
100,0,0,1,0,0,1,1,1,0,0,1,1,1,1
101,0,0,1,0,1,1,0,0,1,0,1,0,0,1
102,0,1,0,1,1,0,1,1,1,0,1,1,1,1
103,0,0,1,1,1,1,0,0,1,0,1,0,0,0
104,0,1,0,1,0,1,1,1,0,1,1,0,1,0
105,0,1,0,1,0,0,1,0,0,1,1,0,1,0
106,0,1,0,0,1,1,1,1,1,0,0,0,1,1
107,0,1,0,0,0,0,1,0,1,1,1,1,1,1
108,0,0,1,1,1,0,0,1,1,0,1,0,0,1
109,0,1,0,1,1,0,0,0,1,0,0,1,0,0
110,1,0,0,1,0,1,1,0,0,1,0,0,0,1
111,1,0,0,1,0,1,1,0,0,0,0,0,0,1
112,0,1,0,1,0,0,1,0,1,1,0,0,1,0
113,0,1,0,0,0,1,0,0,0,0,1,1,0,0
114,0,1,0,1,0,0,1,0,1,1,0,0,0,0
115,0,0,1,1,1,0,1,1,0,0,1,0,0,1
116,0,1,0,1,0,0,1,1,0,1,1,1,0,0
117,1,0,0,1,0,0,0,0,1,0,0,1,0,1
118,0,1,0,0,1,1,1,1,0,0,0,0,1,1
119,0,0,1,1,1,1,0,1,0,1,1,0,1,1
120,0,1,0,0,0,0,1,0,0,0,0,0,1,1
121,0,0,1,0,0,1,1,0,0,1,0,1,0,0
122,1,0,0,0,1,0,0,0,1,0,1,1,0,0
123,0,0,1,1,1,1,1,1,1,0,0,0,0,0
124,0,0,1,0,1,1,1,0,0,0,0,1,1,1
125,0,1,0,1,0,1,0,0,0,1,1,1,1,0
126,0,0,1,1,0,1,0,0,0,1,1,0,1,1
127,0,0,1,1,1,1,0,0,0,1,0,1,0,0
128,0,1,0,0,1,1,1,1,0,1,1,1,0,0
129,1,0,0,0,0,1,0,1,0,0,0,0,1,0
130,0,0,1,1,1,1,1,0,1,0,1,1,0,1
131,0,1,0,0,0,0,1,0,0,1,0,1,1,1
132,1,0,0,0,0,0,1,0,0,1,0,0,1,1
133,0,0,1,1,1,0,1,1,1,1,0,1,0,1
134,0,1,0,1,0,0,0,0,0,0,1,1,0,0
135,1,0,0,1,1,0,0,1,0,0,0,0,0,0
136,1,0,0,0,1,0,0,1,0,0,1,0,1,1
137,0,1,0,1,1,0,0,0,0,0,1,0,0,1
138,1,0,0,0,0,0,1,0,1,0,0,1,1,1
139,0,0,1,0,1,1,0,0,0,1,0,1,1,0
140,1,0,0,1,0,0,1,0,0,0,0,0,0,1
141,0,0,1,1,1,1,1,1,0,1,0,0,0,1
142,0,0,1,0,1,0,1,1,0,0,1,1,0,0
143,0,1,0,0,0,0,1,1,0,1,1,0,0,0
144,0,1,0,1,1,1,0,0,0,1,0,1,1,0
145,0,1,0,0,1,1,0,0,1,1,1,0,0,0
146,1,0,0,0,1,0,0,0,1,1,1,0,1,1
147,0,0,1,0,1,1,0,1,1,0,0,1,1,0
148,0,0,1,1,1,1,0,1,0,0,0,0,0,1
149,1,0,0,1,0,0,1,0,1,1,0,0,1,0
150,0,0,1,0,1,1,1,0,0,0,1,1,0,1
151,0,1,0,1,0,1,0,1,0,0,0,1,0,0
152,1,0,0,0,1,0,1,0,0,1,0,0,1,0
153,0,1,0,0,0,1,0,0,0,0,1,1,0,1
154,1,0,0,1,0,0,1,1,0,0,0,1,0,1
155,0,1,0,1,1,0,1,0,0,0,0,0,0,1
156,0,0,1,1,1,0,0,0,0,1,0,0,1,1
157,0,1,0,0,0,1,1,1,1,0,1,1,1,0
158,0,0,1,1,1,0,1,1,1,1,0,1,1,1
159,0,1,0,0,0,1,0,0,1,1,1,1,0,1
160,0,0,1,0,1,0,1,1,1,1,0,0,1,1
161,1,0,0,0,1,0,1,1,0,1,0,0,1,1
162,0,1,0,0,0,1,0,1,0,0,0,1,1,1
163,1,0,0,1,0,1,1,1,0,1,1,1,1,1
164,0,0,1,0,1,1,1,0,0,0,0,0,0,1
165,0,0,1,1,0,0,1,1,1,0,1,0,0,0
166,1,0,0,1,1,1,1,1,1,0,1,0,1,1
167,1,0,0,0,0,0,1,1,1,1,0,0,1,0
168,0,1,0,0,1,0,1,0,1,0,1,0,1,1
169,0,1,0,1,0,0,1,1,0,1,0,0,0,1
170,1,0,0,0,0,0,1,0,0,1,1,0,0,0
171,0,1,0,0,0,1,1,0,0,0,1,0,1,0
172,0,1,0,1,0,1,1,1,1,1,1,1,1,0
173,1,0,0,0,1,1,0,0,1,0,1,1,0,1
174,0,0,1,1,1,0,1,1,1,1,0,1,0,0
175,0,0,1,1,0,1,0,1,0,0,0,0,1,0
176,1,0,0,0,1,1,1,1,1,1,1,0,0,1
177,0,1,0,0,0,0,0,1,0,0,0,1,0,1
178,1,0,0,1,1,1,1,0,1,1,1,1,1,0
179,1,0,0,1,0,0,1,0,1,0,1,1,1,1
180,0,0,1,0,1,1,0,0,1,0,0,1,0,0
181,1,0,0,1,1,1,1,0,1,1,0,0,1,1
182,0,0,1,1,1,0,1,0,1,0,1,1,0,0
183,0,1,0,0,1,0,0,0,1,1,0,1,0,1
184,0,0,1,1,0,1,1,0,1,1,1,0,0,1
185,0,1,0,0,0,1,0,0,1,0,0,1,0,1
186,1,0,0,0,0,0,0,1,0,0,1,0,0,0
187,1,0,0,1,1,1,0,0,0,0,1,0,1,1
188,1,0,0,0,1,0,0,0,1,0,0,0,1,1
189,1,0,0,1,1,0,1,1,1,0,0,1,0,1
190,1,0,0,1,1,0,0,1,0,0,0,0,0,1
191,0,0,1,1,1,0,0,1,1,1,1,0,0,0
192,1,0,0,1,1,0,0,1,0,1,0,1,0,0
193,1,0,0,0,0,0,0,1,0,1,1,1,1,0
194,1,0,0,1,0,0,0,0,0,0,1,1,0,0
195,0,1,0,0,0,1,1,1,1,0,1,0,1,0
196,0,0,1,1,0,0,0,0,1,0,0,1,1,1
197,0,1,0,1,1,1,0,0,0,0,1,1,0,0
198,0,0,1,0,1,0,1,1,1,1,0,0,0,0
199,1,0,0,0,1,1,0,0,0,0,1,1,0,1
200,1,0,0,1,0,1,0,0,0,1,1,0,1,1
201,0,1,0,0,0,1,0,1,0,1,1,1,0,0
202,0,0,1,0,0,0,0,1,0,1,0,1,0,1
203,0,1,0,1,1,0,0,0,0,0,1,1,1,0
204,0,1,0,0,1,1,1,1,1,1,1,0,0,1
205,1,0,0,1,1,1,0,0,1,0,1,1,1,0
206,0,0,1,0,1,0,0,0,1,1,1,0,1,1
207,0,0,1,0,0,0,0,0,1,1,0,0,0,0
208,1,0,0,1,0,1,1,0,1,0,1,1,0,1
209,1,0,0,1,0,1,1,0,1,0,0,0,1,0
210,1,0,0,1,0,0,0,0,1,1,0,1,0,1
211,1,0,0,0,0,0,1,0,0,1,1,1,1,1
212,0,1,0,1,1,0,1,1,0,1,1,1,1,0
213,1,0,0,0,0,0,0,0,1,1,0,1,0,0
214,1,0,0,1,1,1,1,0,0,1,0,1,1,1
215,1,0,0,0,0,1,1,1,1,0,0,0,0,0
216,0,0,1,1,1,0,0,1,0,1,1,0,1,1
217,1,0,0,1,0,1,0,1,0,0,0,0,0,1
218,0,0,1,1,1,0,1,1,1,1,0,0,1,0
219,1,0,0,1,1,1,1,0,0,1,0,1,0,1
220,1,0,0,0,1,1,1,0,0,0,0,1,0,0
221,0,0,1,0,0,1,1,1,0,1,0,0,0,1
222,0,1,0,0,0,0,1,0,0,1,0,0,0,0
223,0,1,0,0,0,1,0,1,1,1,1,1,0,1
224,1,0,0,1,1,0,1,1,1,1,1,0,1,0
225,0,1,0,1,1,0,1,1,1,0,1,0,1,0
226,0,0,1,1,1,1,1,1,0,0,1,1,0,0
227,0,0,1,1,0,0,0,1,1,1,0,0,1,0
228,0,1,0,1,1,0,0,0,1,1,0,1,0,1
229,0,1,0,0,1,0,1,0,1,1,1,0,0,1
230,0,1,0,1,1,1,1,1,1,0,1,0,1,0
231,1,0,0,1,1,0,0,1,0,1,1,1,0,0
232,1,0,0,0,1,0,1,0,0,1,1,0,1,1
233,1,0,0,1,0,1,0,1,0,1,1,1,0,0
234,1,0,0,0,0,0,1,1,0,0,1,0,1,0
235,0,1,0,0,1,0,1,1,1,0,0,1,1,1
236,0,0,1,1,1,1,0,0,1,0,1,1,1,0
237,1,0,0,1,0,1,1,1,1,0,0,0,0,0
238,0,0,1,1,0,1,0,1,0,1,0,1,1,1
239,0,1,0,1,1,1,0,1,1,0,0,1,0,0
240,0,1,0,1,0,1,0,1,1,0,1,0,1,1
241,1,0,0,0,1,0,0,1,1,0,1,0,1,1
242,0,1,0,0,1,0,1,1,0,0,1,0,0,0
243,0,0,1,1,0,0,1,1,1,1,0,1,0,0
244,0,0,1,0,1,0,1,0,0,0,0,1,0,0
245,0,0,1,0,0,1,0,1,0,1,0,1,0,0
246,0,1,0,0,0,1,0,0,0,0,1,1,0,1
247,0,0,1,0,1,0,1,1,0,0,0,1,0,0
248,1,0,0,0,0,0,0,0,0,0,1,0,0,0
249,0,0,1,0,0,0,1,0,0,1,1,1,1,0
250,0,1,0,0,0,0,0,1,0,0,0,0,0,1
251,1,0,0,1,1,1,0,1,0,0,0,1,1,1
252,0,1,0,1,1,1,0,0,1,1,1,0,1,1
253,0,1,0,0,1,0,1,1,1,0,1,1,0,0
254,0,1,0,1,1,1,1,1,1,0,0,1,0,0
255,0,0,1,1,0,1,1,1,0,1,1,0,0,0
256,0,0,1,0,1,1,1,1,0,0,0,1,0,1
257,1,0,0,1,1,0,0,1,0,1,0,1,1,1
258,1,0,0,1,1,0,1,0,0,1,0,1,0,0
259,0,1,0,0,1,0,1,1,1,0,0,0,1,1
260,0,1,0,1,1,1,0,0,0,0,0,1,1,1
261,0,0,1,0,1,0,1,1,0,1,1,0,0,0
262,0,0,1,1,0,1,1,1,0,1,0,1,1,1
263,0,0,1,0,0,0,1,1,1,1,1,1,1,1
264,0,1,0,0,0,1,0,1,1,0,1,1,0,1
265,1,0,0,1,1,1,1,0,1,0,0,0,1,1
266,1,0,0,1,0,0,0,1,0,1,0,1,1,0
267,0,1,0,1,0,0,1,1,1,0,0,0,1,0
268,0,1,0,0,0,1,1,1,1,0,0,0,0,1
269,0,0,1,1,1,0,0,0,0,0,1,1,0,1
270,0,1,0,0,0,0,1,1,0,1,0,0,1,0
271,1,0,0,1,1,1,0,0,0,1,1,0,0,0
272,0,1,0,0,0,1,1,1,0,0,1,0,0,1
273,0,0,1,1,0,0,0,0,0,1,0,0,1,1
274,0,1,0,1,0,1,1,1,0,0,1,0,1,0
275,0,1,0,0,1,1,1,1,1,0,0,0,0,1
276,0,1,0,0,1,1,0,0,1,1,1,0,1,0
277,0,0,1,1,0,0,1,1,1,1,1,1,0,0
278,0,1,0,0,1,0,1,1,0,0,1,0,1,1
279,0,0,1,1,1,0,1,1,0,0,0,0,1,1
280,0,0,1,1,1,0,0,1,1,0,1,0,1,1
281,0,0,1,0,1,1,0,0,1,1,0,1,0,0
282,0,0,1,0,1,0,0,1,0,0,0,1,0,0
283,0,1,0,0,1,1,1,0,0,0,1,1,1,0
284,0,0,1,1,0,0,1,0,1,1,0,1,0,0
285,0,0,1,1,1,0,0,1,1,0,0,1,0,0
286,0,1,0,1,1,0,1,1,1,1,0,1,1,0
287,0,0,1,1,0,0,1,1,1,0,1,0,0,0
288,0,1,0,1,0,0,1,1,1,1,1,0,1,0
289,0,0,1,1,0,0,0,1,1,1,0,1,0,1
290,0,0,1,1,0,1,0,0,1,0,1,0,1,0
291,0,1,0,1,1,1,1,1,0,1,1,0,0,1
292,0,0,1,1,0,0,0,1,1,1,1,1,0,0
293,0,1,0,0,0,0,1,0,1,1,1,0,1,1
294,1,0,0,1,0,0,0,1,0,0,1,1,1,0
295,0,0,1,1,1,0,1,1,0,1,0,0,0,0
296,0,1,0,0,1,0,0,0,0,1,0,1,0,0
297,1,0,0,1,1,1,1,0,0,1,1,1,0,0
298,0,0,1,0,1,1,0,0,1,1,0,1,0,0
299,1,0,0,0,1,0,0,1,0,1,1,1,1,0
300,0,0,1,0,0,1,1,1,0,0,1,0,1,0
301,0,1,0,0,0,1,0,1,0,1,1,0,0,0
302,1,0,0,0,1,1,0,0,1,0,1,1,0,0
303,0,0,1,0,0,1,0,1,0,1,0,1,0,1
304,1,0,0,0,0,1,1,1,0,1,1,0,1,0
305,1,0,0,1,0,0,1,1,0,0,0,0,1,0
306,0,0,1,0,0,1,1,1,1,1,0,0,1,1
307,1,0,0,1,0,0,0,0,1,0,1,1,1,0
308,1,0,0,1,1,1,0,1,0,0,1,0,1,1
309,0,0,1,1,0,1,0,0,1,1,1,0,1,0
310,0,0,1,1,1,0,1,1,1,0,0,1,0,0
311,0,0,1,1,0,1,0,1,1,1,0,0,1,0
312,0,1,0,0,0,1,0,1,1,1,0,1,0,1
313,0,1,0,0,1,0,1,1,1,1,0,1,0,1
314,1,0,0,1,0,0,0,1,1,0,0,1,1,1
315,1,0,0,0,0,1,1,0,1,0,1,1,1,0
316,0,0,1,1,1,1,0,0,1,1,0,1,1,1
317,0,1,0,0,1,1,0,1,1,1,0,0,1,1
318,1,0,0,0,0,0,0,0,1,0,0,0,0,0
319,0,0,1,0,1,1,1,1,1,0,0,1,0,1
320,1,0,0,0,1,0,0,0,0,0,0,1,0,1
321,0,1,0,0,1,1,1,1,0,1,1,0,0,0
322,0,1,0,1,0,1,0,0,1,0,1,0,1,0
323,1,0,0,0,0,0,1,1,0,0,1,1,0,0
324,0,1,0,1,1,0,0,0,1,0,0,1,1,1
325,0,1,0,1,1,1,0,1,1,0,1,0,1,0
326,1,0,0,1,1,1,0,0,0,0,0,0,1,0
327,0,1,0,1,1,1,0,1,0,0,0,1,0,0
328,0,1,0,1,0,0,0,1,1,0,0,0,0,1
329,0,0,1,0,0,1,0,1,0,1,0,1,0,1
330,0,0,1,0,0,0,1,0,1,1,1,0,1,1
331,0,1,0,0,0,1,1,0,0,1,0,0,1,1
332,0,1,0,0,0,1,0,1,0,0,0,0,1,1
333,1,0,0,0,0,1,0,1,0,1,0,0,1,1
334,0,1,0,0,0,0,1,0,0,0,0,1,0,1
335,0,0,1,1,0,1,0,1,1,0,0,1,1,1
336,0,1,0,0,0,0,1,0,0,1,1,0,1,1
337,0,0,1,1,1,0,1,1,1,0,1,1,0,0
338,0,0,1,1,0,1,1,0,0,1,1,0,0,0
339,0,0,1,0,1,0,0,1,1,1,1,1,0,0
340,0,0,1,0,1,0,0,0,1,1,1,0,0,0
341,0,0,1,0,0,1,1,0,0,0,0,1,1,1
342,1,0,0,1,0,0,1,0,0,0,1,1,1,0
343,0,0,1,0,0,1,1,1,1,0,0,0,1,0
344,0,1,0,0,0,1,1,1,0,0,1,0,1,0
345,0,1,0,1,0,0,1,0,1,0,1,0,1,1
346,0,0,1,1,1,0,0,1,0,0,0,0,1,0
347,0,1,0,0,0,1,0,1,1,1,0,1,0,1
348,0,0,1,0,0,1,0,1,1,1,0,0,1,0
349,1,0,0,0,0,0,1,1,0,1,0,1,1,1
350,0,1,0,1,1,1,0,1,0,0,1,1,1,1
351,0,0,1,1,1,0,1,0,1,1,0,1,0,1
352,0,0,1,0,0,1,0,1,1,1,0,1,0,1
353,1,0,0,0,0,0,0,0,1,0,0,0,0,0
354,0,0,1,1,0,1,1,1,1,1,1,0,1,1
355,0,0,1,0,1,0,0,0,1,1,0,0,0,0
356,0,1,0,0,1,0,1,0,0,1,0,0,0,0
357,1,0,0,1,1,0,1,0,0,0,1,1,1,0
358,1,0,0,1,1,1,1,1,1,1,1,1,1,0
359,1,0,0,0,0,1,1,0,1,1,0,0,1,1
360,0,1,0,1,1,0,0,0,0,1,0,1,0,1
361,0,1,0,0,0,0,0,1,1,1,0,0,1,1
362,1,0,0,0,0,1,1,0,1,0,0,1,0,1
363,0,1,0,1,0,1,0,1,0,0,0,1,1,0
364,0,1,0,1,0,0,1,0,1,1,0,1,1,1
365,0,1,0,0,1,0,0,1,0,1,0,1,0,0
366,0,0,1,1,0,1,0,0,0,0,0,0,0,1
367,1,0,0,1,1,1,0,0,1,0,1,0,1,0
368,0,0,1,1,0,1,0,0,1,1,1,1,1,1
369,1,0,0,1,1,0,0,0,0,1,1,0,1,1
370,1,0,0,0,0,1,0,0,1,1,1,1,0,1
371,1,0,0,0,1,0,0,1,0,0,1,0,1,0
372,0,1,0,0,1,1,0,1,0,0,0,1,1,0
373,1,0,0,1,1,0,1,1,0,1,0,1,0,0
374,0,1,0,1,1,1,1,1,1,0,1,1,0,1
375,1,0,0,0,0,0,0,1,1,1,0,1,0,0
376,1,0,0,0,0,0,1,1,1,1,1,1,0,1
377,0,1,0,1,0,1,1,1,0,0,0,1,1,1
378,1,0,0,0,1,1,0,1,1,1,1,0,1,1
379,0,0,1,0,1,0,1,0,0,0,1,0,0,0
380,1,0,0,0,1,0,0,0,0,1,0,1,0,0
381,0,1,0,0,0,0,0,0,0,0,0,1,1,1
382,1,0,0,1,1,0,0,1,0,0,0,0,1,0
383,0,0,1,0,1,1,0,1,1,1,0,0,0,1
384,0,1,0,1,1,1,1,0,1,0,1,0,1,1
385,0,1,0,0,0,1,0,0,0,1,0,0,1,0
386,0,0,1,1,0,1,1,0,0,1,0,1,1,0
387,1,0,0,1,1,0,1,1,1,0,1,0,0,0
388,0,0,1,1,1,0,0,0,1,1,0,1,0,0
389,0,0,1,1,1,0,1,1,1,1,0,0,0,0
390,1,0,0,1,0,0,1,1,1,0,1,1,1,0
391,1,0,0,1,1,1,0,1,0,0,1,1,1,1
392,1,0,0,1,1,1,1,0,0,0,0,1,1,0
393,0,0,1,1,1,0,1,1,0,1,0,0,1,1
394,0,0,1,0,1,0,1,1,1,0,0,0,0,1
395,1,0,0,1,1,0,0,0,0,0,0,0,0,0
396,1,0,0,0,0,1,0,0,0,0,0,0,1,1
397,0,0,1,0,0,0,1,0,1,0,1,0,0,0
398,0,1,0,0,0,1,0,1,0,1,0,1,1,1
399,0,0,1,1,0,1,1,0,0,0,0,0,1,0
400,0,1,0,1,0,1,1,1,1,0,0,0,1,0
401,0,1,0,1,0,0,1,0,0,0,1,1,1,1
402,1,0,0,0,1,1,1,1,0,0,1,1,0,1
403,1,0,0,1,1,1,0,1,0,0,0,0,0,0
404,0,0,1,0,1,0,1,1,0,1,0,0,0,0
405,1,0,0,0,0,0,1,1,1,0,0,0,1,1
406,1,0,0,0,1,1,0,0,1,0,1,1,0,0
407,1,0,0,1,1,0,0,1,0,1,0,0,0,1
408,0,1,0,1,0,1,1,1,1,1,1,1,1,1
409,0,1,0,0,0,0,0,0,0,0,0,0,1,1
410,1,0,0,0,0,0,1,0,1,0,0,0,0,1
411,0,1,0,0,1,0,0,1,0,1,0,0,1,0
412,0,0,1,1,0,0,0,0,0,0,1,0,0,1
413,1,0,0,1,0,1,0,0,1,0,0,1,1,1
414,1,0,0,0,1,0,1,0,0,0,1,1,1,0
415,0,1,0,1,0,1,1,1,0,1,1,0,1,1
416,1,0,0,0,0,1,0,1,1,1,0,0,1,0
417,1,0,0,1,0,0,1,0,1,0,0,1,1,1
418,0,1,0,0,1,1,1,1,1,1,0,0,0,1
419,0,0,1,1,0,1,0,0,0,0,1,1,0,0
420,0,1,0,1,1,1,0,1,1,1,1,1,1,1
421,0,0,1,0,1,1,1,0,1,1,0,0,0,1
422,1,0,0,0,0,0,1,1,1,1,0,0,0,1
423,0,0,1,1,0,1,0,1,0,0,0,1,0,1
424,0,0,1,1,0,1,1,1,1,1,1,0,0,0
425,1,0,0,1,1,0,0,1,1,0,0,0,0,0
426,0,1,0,1,0,1,1,0,1,0,0,0,1,1
427,0,0,1,1,0,1,1,1,0,1,0,1,0,0
428,0,0,1,0,0,0,0,0,1,1,0,1,0,1
429,0,0,1,1,1,1,1,0,0,0,1,0,0,1
430,1,0,0,1,1,0,1,1,1,1,1,0,0,1
431,1,0,0,0,1,0,0,0,0,1,0,0,1,1
432,1,0,0,1,0,0,1,1,1,1,1,0,0,1
433,0,1,0,0,1,1,0,1,0,1,0,0,0,1
434,0,0,1,0,0,1,1,0,1,0,1,1,1,1
435,1,0,0,0,1,1,1,0,1,0,1,1,1,1
436,1,0,0,0,0,1,0,1,0,0,0,1,1,0
437,0,0,1,1,1,0,0,1,0,0,1,1,1,1
438,0,0,1,1,1,0,0,0,1,1,0,1,1,1
439,0,0,1,1,0,0,1,0,0,1,0,1,1,1
440,1,0,0,0,0,0,0,0,1,1,0,0,0,0
441,0,1,0,0,1,0,0,1,1,0,1,1,1,0
442,0,0,1,0,0,0,0,1,0,1,1,1,1,1
443,0,0,1,1,1,0,0,1,1,0,0,0,1,1
444,0,0,1,0,0,0,0,0,0,1,1,1,0,1
445,1,0,0,1,0,0,0,0,0,0,1,1,0,0
446,0,0,1,0,1,1,0,0,1,0,1,0,1,1
447,0,1,0,0,1,0,0,1,1,1,0,1,1,1
448,0,1,0,0,1,1,1,0,1,0,1,0,1,1
449,0,0,1,0,0,1,1,0,0,0,1,0,1,1
450,0,0,1,0,1,0,0,1,1,0,1,0,0,1
451,0,0,1,0,1,1,1,0,0,1,1,1,0,0
452,1,0,0,0,1,0,1,1,1,0,0,0,0,0
453,0,0,1,0,1,0,1,0,1,1,0,1,0,0
454,0,1,0,1,0,0,0,0,0,0,0,0,0,0
455,0,0,1,1,1,0,1,1,1,0,0,0,0,0
456,1,0,0,0,0,1,0,0,1,0,1,1,1,0
457,0,1,0,1,0,1,1,0,1,1,0,1,1,1
458,0,1,0,0,0,0,0,0,0,0,0,0,1,1
459,0,1,0,0,1,1,1,1,1,0,0,0,0,0
460,1,0,0,0,1,1,0,0,0,0,0,0,0,0
461,0,0,1,0,1,0,1,1,0,1,1,1,1,0
462,1,0,0,0,1,0,0,1,0,0,0,1,0,0
463,0,0,1,1,0,1,1,1,0,1,0,1,0,0
464,0,0,1,1,0,1,1,0,1,0,0,1,1,1
465,0,0,1,1,1,1,1,1,0,0,1,0,1,0
466,1,0,0,1,1,1,1,1,1,1,1,0,1,0
467,0,0,1,0,0,0,0,0,0,1,0,1,0,1
468,1,0,0,0,1,1,0,1,1,1,1,1,1,0
469,1,0,0,0,1,0,1,0,1,0,1,0,0,0
470,1,0,0,0,1,1,0,0,0,1,0,0,0,0
471,1,0,0,0,1,0,1,1,1,1,0,1,1,1
472,0,1,0,1,1,1,0,0,0,1,1,1,1,0
473,0,1,0,0,1,1,0,0,0,0,0,1,1,0
474,1,0,0,0,0,0,0,1,0,0,0,1,1,0
475,0,0,1,0,0,1,0,0,0,1,1,1,0,0
476,1,0,0,0,1,0,1,1,0,0,0,1,0,1
477,1,0,0,0,1,1,1,0,1,0,1,0,0,1
478,0,1,0,0,0,1,1,1,0,0,0,1,1,0
479,0,0,1,0,0,1,0,1,0,1,1,1,1,0
480,0,0,1,1,1,1,1,1,1,0,0,0,0,1
481,1,0,0,0,1,1,1,1,0,1,1,0,1,1
482,1,0,0,1,0,0,0,0,1,1,0,0,0,0
483,0,0,1,0,1,1,0,0,1,1,1,0,0,1
484,0,0,1,1,1,0,0,1,0,0,0,0,1,1
485,0,1,0,0,0,1,1,1,1,1,1,1,1,1
486,1,0,0,1,0,1,0,1,1,1,1,0,0,0
487,0,0,1,0,0,1,1,1,0,1,1,0,0,1
488,0,1,0,1,1,0,1,1,0,0,0,1,0,1
489,1,0,0,0,0,1,0,1,1,1,1,0,1,1
490,1,0,0,0,0,0,1,1,1,0,0,1,0,0
491,0,0,1,1,0,1,0,1,0,1,1,1,0,1
492,0,0,1,0,0,0,1,1,1,0,0,1,1,1
493,0,1,0,0,1,0,0,1,1,0,1,0,1,0
494,0,0,1,0,1,0,1,0,0,1,0,1,1,0
495,0,1,0,0,1,1,0,0,1,0,0,0,0,1
496,0,1,0,0,1,0,1,1,0,0,0,0,1,0
497,1,0,0,0,0,0,0,0,1,0,0,1,1,0
498,1,0,0,1,1,1,0,0,0,1,1,1,0,1
499,0,0,1,1,0,0,1,1,0,0,1,1,0,0
500,1,0,0,0,1,1,1,1,0,0,1,0,1,1
501,0,0,1,0,0,1,0,1,1,0,0,0,1,1
502,0,1,0,0,0,1,0,0,0,0,1,1,0,0
503,0,1,0,1,0,1,0,1,0,0,1,0,1,0
504,0,0,1,0,1,0,0,0,1,1,1,0,1,1
505,0,1,0,0,1,0,1,1,1,1,0,0,0,1
506,1,0,0,1,1,1,1,0,0,0,0,0,0,0
507,1,0,0,0,1,1,1,1,0,1,1,0,1,0
508,0,0,1,1,1,1,0,0,0,1,0,0,1,1
509,1,0,0,0,1,1,0,1,0,0,1,0,0,0
510,0,0,1,0,1,0,1,0,0,0,1,1,0,0
511,0,0,1,1,1,0,1,1,0,1,0,0,0,1
512,1,0,0,1,0,0,0,1,0,1,1,1,1,1
513,1,0,0,1,1,0,0,1,1,1,0,0,1,1
514,0,0,1,1,1,0,0,1,0,0,1,1,1,0
515,0,1,0,1,1,1,1,1,1,1,1,1,0,0
516,0,0,1,0,0,0,1,0,0,1,0,1,1,1
517,0,0,1,0,0,1,1,1,0,0,1,1,0,1
518,0,1,0,1,0,0,0,0,1,1,0,0,0,1
519,1,0,0,0,0,0,0,1,1,0,1,0,0,0
520,0,0,1,0,1,1,0,0,1,1,0,1,1,1
521,1,0,0,0,1,1,0,1,1,0,0,0,1,0
522,0,0,1,0,1,1,1,1,0,0,0,0,0,1
523,0,0,1,1,1,1,1,1,1,1,1,1,1,1
524,1,0,0,0,0,0,0,0,1,0,1,0,0,0
525,0,0,1,0,0,0,0,0,0,0,0,1,0,1
526,0,0,1,0,0,1,0,0,1,0,0,1,1,1
527,0,0,1,1,0,0,1,1,0,0,0,0,1,0
528,0,1,0,0,0,1,0,0,1,0,1,0,1,0
529,1,0,0,1,0,1,0,1,1,0,0,0,1,1
530,1,0,0,0,0,0,0,0,0,0,0,0,1,0
531,1,0,0,1,1,0,1,1,0,0,1,0,0,1
532,0,0,1,0,0,1,1,1,0,0,0,1,1,0
533,0,0,1,1,0,1,1,1,0,0,0,0,1,1
534,1,0,0,0,0,1,0,0,1,0,1,1,1,0
535,0,1,0,0,1,0,0,1,0,1,1,0,0,0
536,0,0,1,1,0,1,0,1,1,0,0,1,1,1
537,1,0,0,0,0,1,1,0,1,0,0,0,0,0
538,0,1,0,0,1,0,0,1,0,1,0,0,1,0
539,1,0,0,0,0,0,0,0,1,1,0,0,1,0
540,0,1,0,0,1,0,0,1,1,1,1,0,0,1
541,1,0,0,0,1,1,0,1,1,0,1,1,0,0
542,0,1,0,1,1,1,0,1,1,0,0,1,1,0
543,0,0,1,0,0,1,0,1,1,0,1,1,1,1
544,0,1,0,1,1,1,0,0,1,0,0,1,1,1
545,1,0,0,1,1,1,1,0,1,0,1,1,1,0
546,0,0,1,1,1,0,1,0,0,0,0,1,0,1
547,0,0,1,1,1,0,1,1,1,1,0,1,1,0
548,0,1,0,0,0,0,1,1,1,0,0,0,0,1
549,0,0,1,1,0,0,1,1,0,1,1,0,1,1
550,0,1,0,1,0,0,1,0,1,1,0,1,1,0
551,0,0,1,0,1,0,1,1,0,0,0,1,1,0
552,0,1,0,0,0,1,0,0,1,1,0,1,1,1
553,0,1,0,1,0,1,1,1,0,1,0,0,0,1
554,0,0,1,1,1,0,1,1,0,0,0,1,1,1
555,0,1,0,0,0,0,0,0,1,0,0,1,1,1
556,0,1,0,1,1,0,0,0,0,0,1,1,1,0
557,0,0,1,1,0,0,0,1,1,1,1,1,0,1
558,0,1,0,1,1,0,1,1,1,1,1,1,1,0
559,1,0,0,1,1,0,0,1,0,0,0,0,1,0
560,0,1,0,1,1,0,1,0,1,0,0,1,0,1
561,1,0,0,1,1,1,0,0,1,0,1,0,1,0
562,0,1,0,0,1,0,1,0,1,1,0,0,1,0
563,0,1,0,0,1,0,1,0,1,1,0,0,1,1
564,1,0,0,0,1,0,1,1,1,0,0,0,0,0
565,1,0,0,0,0,1,1,0,0,1,1,0,1,0
566,1,0,0,0,1,0,0,1,1,1,0,1,1,0
567,0,0,1,1,0,0,0,1,0,0,0,0,1,1
568,0,1,0,0,0,0,0,1,0,1,0,1,1,0
569,0,1,0,0,0,0,1,0,1,1,0,1,0,1
570,0,1,0,1,1,0,0,1,0,0,1,0,1,0
571,1,0,0,1,0,1,0,1,1,0,0,0,0,0
572,1,0,0,1,1,1,1,1,0,0,1,0,0,1
573,1,0,0,1,0,0,1,1,0,1,1,1,0,0
574,1,0,0,0,1,1,0,0,0,1,1,0,1,0
575,1,0,0,1,0,0,1,1,1,0,1,0,0,1
576,1,0,0,0,0,0,1,0,1,1,0,0,1,1
577,0,0,1,0,0,0,1,1,0,1,1,1,0,1
578,1,0,0,0,1,0,1,1,0,0,1,1,0,0
579,1,0,0,0,1,0,1,0,1,0,0,1,1,1
580,1,0,0,0,0,0,0,0,0,1,1,1,0,0
581,0,1,0,1,0,1,1,0,1,0,0,1,0,1
582,0,1,0,0,0,0,1,0,0,0,0,0,0,0
583,0,0,1,1,1,1,0,1,1,1,1,0,1,0
584,1,0,0,1,0,0,1,1,0,1,0,0,1,1
585,1,0,0,1,0,0,1,1,1,1,0,0,0,1
586,1,0,0,0,0,0,0,1,1,0,0,0,0,1
587,0,0,1,0,0,0,0,1,0,1,0,0,0,0
588,1,0,0,1,0,0,0,0,1,1,0,1,1,1
589,1,0,0,0,0,1,0,1,1,1,1,1,1,0
590,1,0,0,1,1,1,1,1,1,0,0,0,0,1
591,0,1,0,1,0,1,1,1,1,0,1,0,1,1
592,0,0,1,1,1,1,0,0,0,1,0,0,1,1
593,0,1,0,1,1,1,1,1,0,0,1,1,1,0
594,0,0,1,0,1,0,0,0,0,0,0,1,1,1
595,1,0,0,1,0,1,0,0,0,1,0,1,0,0
596,0,0,1,1,1,1,1,1,0,1,0,0,0,0
597,0,1,0,1,1,1,1,1,0,1,1,0,0,0
598,1,0,0,1,0,1,0,1,1,1,0,0,0,1
599,1,0,0,1,0,0,1,1,0,1,1,1,1,0
600,0,1,0,0,0,0,1,0,1,0,0,0,0,1
601,0,0,1,0,0,1,0,0,0,1,1,1,0,0
602,0,0,1,0,1,1,0,1,1,1,1,0,0,1
603,1,0,0,0,1,0,1,0,1,1,0,1,0,0
604,0,1,0,1,1,1,1,1,1,1,0,0,1,1
605,0,0,1,0,1,0,1,0,1,0,1,0,0,1
606,0,1,0,1,0,0,1,0,0,1,0,0,1,0
607,0,1,0,1,0,0,0,1,0,1,1,1,1,0
608,1,0,0,1,1,1,1,1,1,1,1,1,1,0
609,1,0,0,1,1,0,0,0,0,0,0,0,0,1
610,1,0,0,0,1,0,1,0,0,1,1,1,1,1
611,0,0,1,0,0,1,1,0,1,1,1,1,0,0
612,0,1,0,1,0,0,0,0,1,0,0,0,0,1
613,0,1,0,1,0,1,0,1,0,1,0,1,1,1
614,1,0,0,1,1,1,1,0,0,0,1,0,1,1
615,0,1,0,1,0,1,1,0,1,1,1,0,1,1
616,1,0,0,0,0,0,0,0,0,1,0,1,0,0
617,1,0,0,0,1,1,1,1,1,1,1,1,1,1
618,0,0,1,0,1,0,1,1,1,1,0,1,1,1
619,0,1,0,1,1,0,0,0,1,0,1,0,1,0
620,0,0,1,1,0,1,1,0,1,1,1,1,1,0
621,1,0,0,0,1,0,0,1,0,1,0,0,0,1
622,0,1,0,0,1,0,0,0,0,0,0,0,0,0
623,0,1,0,1,0,0,0,1,1,1,0,1,1,1
624,0,1,0,0,0,1,0,1,1,1,1,0,1,1
625,0,0,1,0,1,1,1,1,1,0,1,0,0,1
626,0,1,0,0,0,1,1,0,0,0,1,1,1,0
627,0,1,0,0,1,0,0,0,0,0,1,0,0,0
628,1,0,0,0,0,0,0,0,1,1,1,0,1,1
629,0,1,0,0,0,1,0,1,0,1,1,0,0,1
630,0,1,0,1,1,1,0,0,1,1,0,0,0,1
631,1,0,0,0,0,1,0,1,0,0,1,0,1,1
632,0,0,1,1,1,1,0,0,0,0,0,1,0,1
633,0,1,0,0,1,0,1,1,1,1,1,1,0,1
634,0,0,1,1,0,0,0,1,0,1,0,0,1,0
635,1,0,0,0,1,1,0,0,1,0,1,0,1,1
636,0,1,0,0,1,0,0,0,1,0,0,0,1,0
637,0,0,1,1,1,1,0,0,0,1,1,0,0,0
638,0,1,0,1,0,0,1,1,1,1,0,0,0,0
639,0,1,0,1,1,0,1,1,0,0,1,1,1,0
640,0,1,0,1,0,1,0,0,1,1,1,0,0,0
641,0,1,0,1,1,0,1,1,0,0,1,0,0,0
642,1,0,0,1,0,1,0,1,0,0,1,1,1,0
643,0,0,1,0,1,0,0,1,1,0,1,0,0,0
644,0,1,0,0,1,0,1,0,0,0,0,1,0,1
645,0,1,0,0,1,1,1,0,1,0,1,0,0,0
646,0,0,1,0,0,1,0,1,1,1,0,0,1,1
647,0,1,0,1,1,1,1,1,0,1,0,0,0,0
648,0,0,1,1,0,1,0,1,0,1,1,0,0,0
649,0,0,1,1,1,1,1,0,1,0,0,1,0,0
650,0,0,1,0,0,1,1,1,0,0,1,0,0,0
651,0,0,1,0,0,1,1,0,0,0,0,1,1,0
652,1,0,0,0,1,0,1,1,1,0,0,1,0,0
653,0,1,0,1,1,1,1,0,1,0,0,1,1,0
654,1,0,0,0,1,0,0,0,1,1,1,0,0,1
655,0,1,0,0,0,1,0,0,0,1,1,1,0,0
656,0,0,1,0,0,1,0,1,1,0,0,0,0,0
657,1,0,0,0,1,0,0,0,1,0,1,1,0,1
658,0,1,0,0,1,1,1,1,1,0,0,1,0,0
659,0,1,0,1,0,0,0,1,1,1,1,0,1,1
660,0,1,0,0,1,0,0,1,0,1,1,0,1,0
661,0,1,0,1,1,0,0,1,1,1,1,1,1,0
662,0,1,0,1,0,1,1,1,1,1,0,0,1,0
663,1,0,0,0,0,1,0,1,0,1,0,1,0,0
664,0,1,0,0,0,1,1,1,0,0,1,0,1,1
665,0,1,0,0,0,0,1,0,1,0,0,1,0,1
666,0,1,0,1,0,1,1,1,1,1,0,1,0,1
667,0,1,0,0,1,1,0,1,1,1,1,0,1,1
668,0,0,1,1,1,1,0,1,0,1,0,0,1,0
669,0,0,1,1,0,1,0,1,1,0,1,0,0,1
670,1,0,0,1,0,0,1,0,0,0,0,0,0,0
671,1,0,0,1,0,0,1,1,1,0,0,1,1,0
672,0,0,1,1,0,1,1,0,0,0,1,0,1,0
673,1,0,0,1,0,0,0,1,0,1,0,0,1,1
674,1,0,0,1,0,1,0,0,1,1,0,1,0,0
675,0,0,1,0,0,0,0,1,1,1,0,1,0,1
676,0,0,1,1,0,0,0,0,0,0,0,0,0,1
677,0,1,0,1,1,1,1,1,1,0,0,1,1,1
678,0,0,1,1,0,1,0,1,0,0,1,0,1,0
679,0,1,0,0,0,0,0,1,0,0,1,0,0,1
680,0,1,0,0,0,0,1,1,1,0,1,0,0,0
681,0,0,1,1,0,0,1,1,1,0,0,1,0,0
682,0,1,0,0,1,0,1,0,0,0,0,1,1,1
683,0,1,0,1,0,0,1,0,0,1,0,0,1,0
684,1,0,0,1,1,1,1,1,0,1,0,0,0,1
685,1,0,0,1,0,1,0,1,1,0,1,0,0,0
686,1,0,0,0,0,1,1,0,1,0,1,1,0,1
687,0,1,0,1,1,0,0,1,0,1,1,1,0,1
688,1,0,0,1,1,0,0,1,0,1,0,0,1,0
689,1,0,0,1,1,1,1,1,0,1,0,1,0,0
690,0,1,0,1,1,1,1,1,1,0,1,0,1,0
691,1,0,0,1,0,1,0,0,1,0,0,0,0,0
692,1,0,0,0,0,1,1,0,1,0,1,0,1,0
693,1,0,0,0,0,1,0,0,1,0,0,0,0,0
694,0,1,0,0,1,0,1,1,1,1,0,0,1,0
695,0,0,1,1,0,1,1,0,0,1,1,1,0,1
696,0,1,0,0,1,0,0,1,0,0,0,0,1,0
697,0,0,1,1,0,0,1,1,0,1,1,0,1,0
698,0,1,0,1,1,1,0,1,0,0,0,0,1,1
699,0,0,1,1,1,0,0,0,1,1,1,1,1,0
700,0,1,0,1,1,1,1,0,0,1,1,0,1,1
701,1,0,0,1,0,0,0,0,1,1,0,1,1,0
702,0,0,1,0,1,0,1,0,1,0,1,0,0,1
703,0,0,1,1,1,0,0,0,0,1,1,1,0,1
704,1,0,0,1,1,1,0,1,1,1,1,1,0,0
705,0,1,0,0,1,1,0,1,0,0,1,0,1,0
706,0,1,0,1,0,0,0,0,1,1,1,1,0,0
707,0,1,0,1,1,0,0,1,0,0,0,1,0,0
708,0,1,0,0,0,0,0,1,0,1,1,0,1,1
709,0,0,1,1,0,0,0,1,0,0,0,1,0,1
710,0,1,0,1,0,0,0,1,0,1,0,1,1,1
711,0,0,1,0,1,0,1,0,1,0,0,1,1,0
712,1,0,0,0,1,0,0,0,0,0,1,1,0,1
713,1,0,0,0,0,1,0,0,0,0,0,1,0,1
714,0,0,1,1,0,0,1,1,0,0,0,0,1,1
715,0,1,0,1,0,1,0,1,1,1,1,0,0,0
716,1,0,0,1,1,1,0,1,0,1,0,1,1,0
717,0,1,0,1,0,1,1,1,0,1,1,1,1,1
718,0,1,0,1,1,1,0,0,0,1,1,1,1,1
719,0,1,0,0,1,0,0,1,0,1,1,1,1,1
720,1,0,0,1,0,1,1,1,0,0,0,0,1,1
721,0,0,1,0,0,0,1,0,0,0,1,1,1,0
722,0,0,1,1,0,1,0,0,0,0,0,1,0,0
723,0,0,1,0,0,0,1,1,1,1,0,1,1,0
724,0,1,0,0,1,1,1,0,1,0,0,1,1,1
725,1,0,0,0,0,1,1,1,0,0,1,1,0,0
726,0,1,0,1,0,1,0,0,1,0,1,1,0,0
727,0,0,1,0,1,0,1,0,1,0,0,0,0,0
728,0,0,1,0,0,0,0,1,0,1,1,1,0,0
729,0,1,0,1,1,1,0,0,0,0,1,0,1,0
730,1,0,0,0,0,0,1,1,1,1,0,0,0,1
731,0,1,0,1,1,1,0,0,0,0,0,1,1,0
732,0,1,0,1,1,0,0,0,0,0,1,0,1,0
733,0,0,1,1,1,0,1,1,0,0,0,1,1,1
734,1,0,0,1,0,0,0,1,0,1,1,1,0,1
735,0,1,0,0,1,1,0,1,0,1,1,0,1,1
736,1,0,0,1,1,1,0,0,1,1,1,1,1,0
737,1,0,0,0,0,0,1,0,1,0,0,0,0,0
738,0,0,1,0,0,0,1,1,0,0,0,1,1,1
739,1,0,0,1,0,0,1,0,0,1,0,1,0,0
740,1,0,0,1,0,0,1,1,1,1,1,0,0,1
741,1,0,0,1,0,0,1,0,1,0,0,0,1,1
742,1,0,0,1,1,1,0,1,0,0,1,0,0,0
743,0,1,0,0,0,0,0,1,0,0,0,0,1,1
744,1,0,0,1,0,0,0,0,0,1,1,1,1,1
745,0,1,0,0,0,0,1,1,1,1,0,1,1,1
746,1,0,0,0,1,0,1,1,0,0,1,0,0,0
747,0,0,1,0,0,0,0,1,0,1,0,1,0,1
748,1,0,0,0,0,1,0,0,1,1,1,0,1,0
749,0,0,1,1,0,0,0,0,0,0,0,0,0,0
750,0,1,0,0,0,1,0,0,1,1,0,0,1,0
751,1,0,0,1,0,1,1,0,0,0,1,1,1,1
752,0,1,0,1,1,0,1,0,0,0,1,0,0,1
753,0,0,1,0,0,0,1,1,0,1,1,0,1,0
754,1,0,0,0,1,1,0,1,0,1,1,1,1,1
755,1,0,0,0,0,0,1,0,0,0,1,1,1,0
756,0,1,0,1,1,0,0,1,1,1,0,1,0,1
757,1,0,0,0,1,1,0,0,0,0,0,1,0,1
758,0,1,0,0,1,0,1,0,1,0,1,1,1,0
759,0,0,1,1,1,0,0,1,1,0,1,1,0,0
760,0,1,0,0,0,0,1,1,0,0,1,1,1,1
761,1,0,0,0,0,1,0,1,1,0,0,1,1,1
762,0,0,1,0,0,1,1,0,0,0,1,0,1,0
763,0,0,1,1,1,0,1,0,0,1,0,0,0,0
764,0,0,1,0,1,1,1,1,1,0,1,0,1,1
765,0,1,0,1,1,0,0,1,1,1,0,0,1,0
766,0,1,0,0,0,1,1,1,0,0,1,0,1,1
767,0,1,0,1,0,1,0,1,0,1,1,1,0,1
768,0,1,0,1,0,0,0,0,0,1,0,0,0,0
769,0,0,1,0,0,1,0,0,1,1,0,0,1,0
770,0,0,1,1,0,0,1,0,1,0,0,0,0,1
771,1,0,0,1,1,0,1,0,1,1,0,0,1,0
772,0,1,0,0,1,0,1,0,0,1,1,0,0,1
773,0,1,0,1,0,1,0,1,0,1,0,1,1,1
774,1,0,0,0,0,1,1,0,1,0,1,0,1,1
775,1,0,0,0,0,0,0,0,0,1,0,1,1,1
776,0,0,1,0,1,1,1,1,0,1,0,1,1,1
777,0,0,1,0,0,1,1,1,1,1,0,0,0,0
778,0,1,0,1,0,0,1,0,0,1,0,0,0,0
779,0,1,0,0,1,1,1,1,1,1,1,0,0,0
780,0,0,1,1,0,1,0,0,1,0,1,0,1,1
781,0,0,1,0,1,0,1,0,1,0,0,1,0,1
782,0,0,1,0,1,1,0,0,1,0,1,0,0,1
783,1,0,0,0,0,1,0,1,0,0,1,1,1,0
784,0,1,0,1,1,0,0,1,0,0,0,1,1,0
785,0,1,0,1,0,1,0,0,0,1,1,1,1,1
786,0,1,0,0,0,1,0,1,0,1,1,1,1,0
787,0,0,1,1,0,0,1,1,0,1,1,1,1,0
788,0,0,1,0,0,1,0,1,1,1,1,1,0,0
789,1,0,0,0,1,0,1,1,0,0,1,1,0,0
790,0,1,0,1,1,0,1,0,0,0,1,1,0,0
791,1,0,0,0,0,0,0,0,1,1,0,1,1,1
792,1,0,0,0,0,0,1,0,0,0,0,0,1,1
793,1,0,0,0,0,1,1,0,0,1,1,1,0,0
794,1,0,0,0,1,0,1,0,0,1,0,0,0,1
795,0,0,1,1,0,0,1,1,1,0,1,0,0,1
796,1,0,0,0,0,0,1,1,0,1,1,1,0,1
797,0,0,1,1,0,1,1,0,1,1,1,0,0,0
798,0,1,0,0,0,0,0,0,1,0,1,1,1,0
799,0,1,0,0,1,1,0,0,1,0,0,1,1,0
800,0,0,1,0,1,0,0,1,0,1,1,0,1,0
801,0,1,0,1,1,1,1,1,1,1,0,1,0,1
802,0,0,1,0,1,0,0,0,0,0,0,1,0,1
803,0,1,0,0,0,0,1,0,0,1,1,1,1,0
804,1,0,0,1,0,1,1,1,0,1,1,1,0,0
805,0,1,0,0,0,0,1,0,1,0,1,1,0,0
806,0,0,1,0,1,1,0,0,0,1,1,0,1,1
807,1,0,0,1,1,1,1,1,0,1,1,1,0,0
808,1,0,0,0,0,0,0,1,1,0,0,0,1,0
809,0,1,0,1,0,0,0,0,1,1,1,0,0,0
810,0,1,0,1,0,1,1,1,1,1,0,0,0,1
811,0,1,0,1,0,0,0,1,0,0,0,0,0,1
812,1,0,0,0,1,1,0,0,0,0,1,1,0,1
813,1,0,0,0,0,1,0,1,0,1,0,1,0,0
814,0,1,0,0,0,1,1,1,0,1,1,0,1,1
815,0,0,1,1,0,0,0,1,1,0,0,1,1,0
816,0,1,0,1,1,0,1,0,1,1,0,0,1,1
817,0,0,1,1,1,0,0,1,0,0,1,0,0,1
818,0,1,0,0,1,1,0,1,1,0,1,0,0,0
819,1,0,0,1,0,0,1,0,1,1,0,0,0,0
820,0,1,0,1,0,0,1,0,1,0,1,1,1,1
821,0,0,1,1,1,1,0,1,1,0,1,1,1,0
822,0,1,0,1,1,1,1,0,0,1,0,0,0,1
823,0,1,0,1,1,1,0,1,1,1,0,0,0,0
824,0,1,0,1,1,1,0,1,1,0,0,0,1,1
825,0,1,0,0,1,0,0,1,1,0,1,1,1,1
826,0,1,0,0,0,0,0,1,1,1,1,1,1,1
827,0,1,0,1,1,1,0,0,0,0,0,0,1,1
828,1,0,0,0,1,0,1,0,0,1,1,0,0,1
829,0,0,1,0,0,0,1,1,0,0,0,0,0,0
830,1,0,0,1,0,1,0,0,0,1,0,1,1,0
831,0,0,1,0,0,0,1,1,1,1,1,0,0,0
832,1,0,0,1,0,1,0,1,0,1,0,1,1,0
833,0,1,0,1,0,1,1,1,1,0,0,1,0,0
834,1,0,0,1,1,0,1,0,0,1,0,1,0,0
835,0,0,1,0,1,1,1,1,1,1,0,1,0,1
836,0,1,0,1,1,0,0,0,0,1,1,0,1,0
837,0,0,1,1,0,1,1,0,0,1,1,0,0,0
838,0,0,1,1,1,0,0,1,0,1,0,1,0,1
839,1,0,0,0,1,0,0,1,1,0,1,0,1,0
840,1,0,0,1,0,0,1,1,1,1,0,1,0,0
841,0,0,1,0,0,1,1,1,0,1,0,0,0,0
842,0,0,1,0,1,0,0,1,1,0,0,1,0,0
843,0,0,1,1,0,1,1,0,0,1,1,0,0,0
844,1,0,0,0,0,1,1,0,1,1,0,1,1,0
845,1,0,0,0,1,0,0,0,1,1,0,0,1,0
846,0,0,1,1,1,1,1,0,0,1,1,0,1,0
847,1,0,0,0,0,1,1,1,0,1,0,0,0,1
848,1,0,0,0,0,0,0,1,1,1,1,1,1,0
849,0,0,1,1,0,1,0,1,0,0,0,1,0,1
850,0,0,1,0,1,0,1,0,0,1,1,0,1,0
851,1,0,0,1,1,0,1,0,1,1,1,1,1,1
852,0,1,0,1,1,1,1,1,1,1,1,0,1,1
853,0,0,1,0,0,1,1,1,1,1,1,1,1,0
854,1,0,0,0,1,1,0,0,0,0,1,1,1,1
855,0,0,1,0,0,1,0,0,0,0,1,0,1,0
856,1,0,0,0,1,1,1,0,0,1,1,0,1,1
857,0,0,1,1,1,1,0,0,1,0,1,0,1,1
858,0,1,0,1,0,1,1,0,0,0,1,0,0,0
859,0,0,1,0,0,0,0,1,0,0,0,1,1,1
860,0,1,0,1,1,0,1,1,0,0,1,1,0,1
861,0,1,0,1,1,1,1,0,1,1,0,1,1,1
862,0,1,0,0,1,1,1,0,0,0,0,0,1,0
863,1,0,0,0,1,0,0,1,0,1,1,0,1,0
864,1,0,0,1,0,0,0,0,1,0,1,0,0,0
865,1,0,0,0,1,0,0,1,0,0,0,0,1,0
866,0,0,1,0,0,1,1,1,1,0,1,0,1,0
867,0,1,0,1,0,1,1,0,0,1,0,1,0,1
868,0,0,1,1,1,0,1,0,1,1,1,0,0,0
869,1,0,0,1,1,0,1,0,0,1,0,0,1,0
870,1,0,0,1,1,1,1,1,0,0,1,1,1,0
871,1,0,0,1,1,1,0,1,0,0,1,0,0,1
872,0,1,0,1,0,0,1,1,1,0,0,1,0,1
873,0,0,1,1,0,0,1,0,0,0,0,0,0,1
874,0,0,1,1,0,1,0,0,1,0,0,0,0,0
875,0,1,0,0,0,1,1,1,0,1,1,0,1,1
876,0,0,1,1,0,1,1,1,0,0,0,0,0,1
877,1,0,0,1,1,1,0,0,1,0,0,0,1,0
878,0,0,1,0,0,0,0,0,1,1,0,0,0,0
879,0,0,1,1,1,0,1,0,1,1,0,1,0,1
880,1,0,0,1,1,1,0,0,1,1,1,1,1,0
881,0,0,1,1,0,0,0,1,0,1,1,0,1,0
882,0,0,1,0,1,1,0,1,1,1,0,1,0,0
883,0,1,0,0,1,1,1,1,1,1,0,1,1,1
884,1,0,0,1,1,0,0,1,1,0,0,1,1,1
885,1,0,0,0,1,0,0,0,1,1,1,0,0,1
886,0,0,1,1,1,0,1,0,0,1,0,1,0,0
887,0,1,0,0,1,1,0,1,0,1,0,0,0,0
888,0,0,1,0,1,1,1,0,1,0,0,1,1,1
889,0,0,1,0,1,1,0,0,1,1,0,0,0,0
890,0,0,1,0,1,0,0,0,1,0,0,0,0,0
891,1,0,0,1,0,0,0,1,1,1,1,0,0,0
892,0,1,0,0,1,0,1,0,1,0,1,0,0,1
893,0,1,0,1,1,1,0,1,0,1,0,0,1,0
894,0,1,0,1,1,0,1,0,0,0,0,1,0,1
895,0,0,1,0,1,1,1,1,0,1,0,1,0,0
896,0,0,1,0,1,1,0,1,0,1,0,1,0,0
897,1,0,0,1,1,0,1,1,0,0,1,1,1,1
898,0,0,1,0,0,0,0,1,0,0,1,0,0,1
899,1,0,0,0,0,1,0,0,0,0,0,1,0,1
900,0,0,1,0,1,0,1,1,0,0,0,1,0,0
901,0,1,0,0,0,0,1,1,0,1,0,0,1,1
902,0,1,0,0,0,1,1,0,1,0,0,1,0,1
903,0,0,1,1,1,1,0,0,0,0,0,1,1,0
904,0,0,1,1,1,1,0,0,0,1,0,1,1,0
905,1,0,0,1,0,1,0,1,1,0,0,1,0,0
906,0,1,0,1,0,0,1,0,0,1,1,0,0,0
907,0,1,0,0,1,1,0,1,0,1,1,1,0,1
908,0,0,1,0,0,0,1,0,0,1,0,0,1,1
909,0,1,0,0,0,1,1,1,1,1,0,0,1,0
910,0,1,0,1,1,1,1,0,0,1,0,1,1,0
911,0,0,1,1,1,1,0,1,1,1,1,0,1,1
912,1,0,0,1,0,1,0,0,1,0,1,1,0,0
913,0,0,1,0,0,0,1,0,1,1,0,0,1,0
914,1,0,0,1,0,0,0,0,0,1,1,1,1,0
915,1,0,0,0,1,1,1,0,0,1,1,1,1,0
916,0,0,1,1,1,1,1,0,0,1,1,0,1,0
917,0,0,1,1,0,0,1,1,0,1,0,0,0,1
918,0,0,1,1,0,0,0,1,1,0,0,1,1,1
919,0,1,0,1,1,0,1,1,0,0,1,1,1,1
920,1,0,0,1,0,0,0,1,1,1,0,0,1,0
921,0,1,0,1,0,0,0,1,0,0,1,0,1,1
922,0,0,1,0,1,1,0,0,0,0,0,0,1,0
923,1,0,0,1,0,1,0,1,0,0,0,0,1,0
924,0,0,1,1,1,0,0,1,0,0,1,1,1,0
925,0,0,1,0,0,0,0,0,0,0,1,1,0,1
926,0,0,1,0,0,0,1,0,1,1,0,0,0,1
927,0,0,1,1,1,0,1,0,1,0,1,1,1,0
928,0,0,1,0,1,1,0,0,1,0,1,1,1,0
929,0,1,0,1,0,1,1,1,0,1,1,0,0,0
930,1,0,0,1,0,1,1,1,1,0,1,1,0,0
931,1,0,0,0,1,0,1,1,1,1,0,0,1,0
932,0,1,0,1,1,0,1,1,0,1,0,1,0,1
933,0,1,0,0,0,0,1,0,1,1,1,1,0,0
934,0,0,1,0,1,0,1,0,1,1,1,1,1,1
935,1,0,0,1,0,1,0,1,1,0,0,1,1,0
936,1,0,0,0,0,0,1,0,0,0,1,0,1,0
937,0,1,0,0,0,0,0,0,1,0,0,1,0,1
938,0,1,0,0,0,1,0,1,1,0,1,0,0,1
939,0,1,0,1,0,1,0,0,0,0,1,1,1,1
940,1,0,0,0,1,1,0,0,1,0,0,0,1,0
941,0,1,0,1,0,0,0,1,1,0,0,1,0,1
942,0,1,0,0,0,0,0,0,1,0,1,0,0,0
943,0,0,1,0,1,0,1,1,0,0,0,1,1,1
944,1,0,0,0,1,0,1,0,0,1,0,1,1,0
945,1,0,0,0,0,1,1,0,0,1,0,0,0,0
946,1,0,0,0,0,1,0,0,0,0,0,1,1,0
947,0,1,0,0,0,1,0,1,0,0,0,0,0,0
948,0,1,0,1,0,0,0,0,0,1,0,0,1,1
949,0,0,1,1,1,0,0,0,0,0,1,1,1,1
950,0,1,0,1,0,1,0,0,1,0,0,0,0,0
951,1,0,0,0,0,1,1,0,1,0,0,0,0,0
952,0,0,1,1,0,0,1,1,0,1,0,1,1,1
953,0,1,0,0,0,1,1,0,1,0,0,1,0,1
954,0,1,0,1,1,1,1,0,1,0,0,1,1,1
955,0,1,0,1,1,1,1,1,0,1,1,1,0,1
956,1,0,0,1,1,1,0,0,1,0,1,0,1,1
957,0,1,0,1,1,0,0,0,0,0,1,0,0,1
958,0,1,0,1,0,0,0,0,0,1,0,0,0,0
959,0,1,0,0,1,1,0,0,0,1,0,1,0,1
960,0,1,0,1,1,1,1,0,0,1,1,0,0,1
961,0,0,1,1,1,0,1,0,1,1,0,1,1,1
962,0,0,1,1,1,1,1,1,0,0,0,1,0,0
963,1,0,0,0,1,1,0,1,0,1,1,0,1,1
964,0,0,1,0,1,0,1,1,0,0,1,0,0,1
965,0,1,0,1,1,0,0,1,0,1,0,0,0,1
966,0,0,1,1,0,0,1,0,1,0,1,1,1,0
967,1,0,0,1,1,0,0,1,0,0,1,1,1,0
968,1,0,0,1,1,1,1,0,0,0,0,0,0,0
969,0,0,1,1,1,0,0,1,1,0,0,1,0,1
970,0,0,1,1,1,1,1,0,1,1,1,1,0,1
971,0,0,1,0,0,0,1,0,1,1,0,0,1,0
972,1,0,0,0,1,1,0,1,0,0,0,1,1,1
973,0,0,1,0,1,1,1,0,1,0,1,0,0,0
974,0,0,1,0,0,1,1,0,1,0,1,1,0,1
975,0,0,1,0,0,1,1,1,0,1,1,0,1,0
976,0,0,1,0,0,0,1,1,0,0,0,1,0,1
977,1,0,0,1,0,1,0,1,1,1,1,1,0,1
978,0,1,0,0,1,1,1,1,1,0,0,0,0,1
979,0,0,1,1,0,0,1,0,1,0,0,0,0,0
980,1,0,0,1,1,0,1,0,1,1,0,1,0,0
981,0,0,1,1,1,1,0,1,0,0,0,0,1,1
982,0,0,1,1,0,1,0,0,0,1,1,1,1,1
983,0,0,1,1,0,1,0,1,1,1,1,0,0,0
984,0,1,0,0,0,0,1,0,1,1,0,1,1,1
985,0,1,0,1,1,1,1,1,1,0,1,1,0,0
986,1,0,0,1,0,1,1,1,0,1,0,0,1,0
987,0,1,0,0,0,1,1,0,1,1,0,0,1,1
988,0,1,0,0,1,1,0,1,0,0,1,1,0,1
989,0,1,0,1,0,0,0,0,0,0,1,1,0,0
990,1,0,0,1,0,1,0,1,0,0,1,0,0,1
991,1,0,0,0,1,1,0,1,1,0,0,0,1,0
992,1,0,0,1,1,1,1,1,1,0,1,1,1,0
993,0,1,0,0,0,0,1,1,0,0,0,1,0,0
994,1,0,0,1,1,0,0,1,0,1,1,0,0,0
995,0,1,0,1,1,0,1,1,1,0,0,0,0,0
996,0,1,0,0,1,1,1,1,0,1,1,0,0,1
997,0,1,0,0,0,1,1,0,0,0,0,0,1,1
998,0,1,0,0,1,1,0,1,1,1,1,0,1,0
999,0,0,1,1,0,0,1,0,0,0,0,1,1,0
